Region,LAU1 code,LA name,1997,1998,1999,2000,2001,2002,2003,2004,2005,2006,2007,2008,2009,2010,2011,2012,2013,2014,2015,2016
North East,E06000047,County Durham,9238,9573,9886,10470,10868,11038,11207,11747,11944,12295,12529,12775,13232,13522,13655,14161,14430,14718,15325,15221
North East,E06000005,Darlington,9637,9656,9753,10681,11538,11639,11929,12187,12391,12623,13222,13219,13881,13806,13700,14341,14729,14856,15537,15487
North East,E06000001,Hartlepool,8963,9095,9468,9925,10317,10629,10719,10955,11462,12083,12459,12872,13358,13569,13926,14428,14474,14856,15410,15071
North East,E06000002,Middlesbrough,8909,8676,9146,9701,10177,10234,10338,10792,11227,11724,11904,12161,12955,12947,13228,14110,14255,14784,15166,14968
North East,E06000057,Northumberland,10301,10563,11021,11820,12276,12504,13027,13432,13675,14505,14803,15681,16629,16469,16617,17288,17681,17842,18522,18016
North East,E06000003,Redcar and Cleveland,9069,8926,9259,9942,10403,10493,10727,11034,11351,11782,11903,12160,12846,12838,13058,13868,13988,14412,14773,14529
North East,E06000004,Stockton-on-Tees,9424,9496,9912,10456,10919,11281,11585,12128,12524,12899,13148,13419,13926,14040,14396,14881,14886,15247,15722,15395
North East,E08000037,Gateshead,9068,9442,9444,10062,10548,10809,11038,11464,11562,11899,12241,12397,13013,13178,13321,14018,14266,14424,15130,15112
North East,E08000021,Newcastle upon Tyne,9394,9810,9963,10579,11130,11460,11811,12272,12235,12689,13005,13205,13730,13980,14116,14885,15070,15309,16076,16180
North East,E08000022,North Tyneside,9377,9801,9852,10427,10804,11085,11376,11964,11910,12260,12556,12650,13276,13514,13619,14329,14464,14701,15413,15370
North East,E08000023,South Tyneside,8848,9144,9208,9746,10189,10317,10604,11121,11214,11607,11972,12139,12785,12977,13081,13812,14002,14226,14931,14892
North East,E08000024,Sunderland,8515,8589,8990,9664,10029,10335,10562,10862,11258,11591,12006,12189,12626,12863,13139,13781,14111,14111,14563,14998
North West,E06000008,Blackburn with Darwen,8474,8626,9048,9166,9432,9395,9729,9966,10469,10776,10951,10916,11132,11453,11422,11630,11722,12074,12497,12450
North West,E06000009,Blackpool,9597,9838,9908,10766,10913,11044,10828,10974,11139,11373,11882,12176,12675,12845,13281,13446,13681,13986,14404,14795
North West,E06000049,Cheshire East,12171,12540,13093,13664,13904,14822,15552,15996,16505,17033,17534,17863,18435,18315,18518,19267,20306,20899,22065,22025
North West,E06000050,Cheshire West and Chester,11089,11380,11954,12479,12749,13528,14315,14946,15404,15808,16359,16852,17455,17352,17384,18273,18730,19064,19858,19372
North West,E06000006,Halton,8392,8659,9064,9855,10327,10648,11047,11387,11789,12138,12745,13034,13665,13673,13835,14255,14575,14703,15313,15396
North West,E06000007,Warrington,10432,10814,11215,12218,12792,13043,13371,14094,14328,14831,15535,15599,15843,15905,16226,17162,17269,17760,19071,19377
North West,E07000026,Allerdale,9185,9699,9950,10687,11308,11258,11732,12191,12558,13126,13885,14025,14485,14788,14930,15943,16187,16481,17298,17527
North West,E07000027,Barrow-in-Furness,8857,9400,9477,10190,10737,10842,11215,11786,12060,12628,13470,13776,14351,14643,14887,15741,16021,16383,17304,17676
North West,E07000028,Carlisle,10453,10958,11180,11472,12180,12517,13201,13683,14352,14933,15296,15472,16508,16769,16842,17638,18376,18646,19431,19534
North West,E07000029,Copeland,8992,9514,9653,10369,10924,10897,11352,12030,12244,12847,13650,13887,14405,14794,15006,15854,16103,16343,17237,17555
North West,E07000030,Eden,11269,11859,12071,12304,13037,13583,14209,14918,15386,15801,16039,16347,16941,17348,17239,17958,18621,18980,19898,19844
North West,E07000031,South Lakeland,11305,11892,12206,12559,13628,14074,14602,15026,15446,15860,16202,16644,17206,17557,17588,18303,18883,19372,20244,20382
North West,E08000001,Bolton,9817,10046,10516,11097,11467,11719,11876,12322,12612,13014,13483,13580,13913,13946,14034,14645,14951,15074,15343,15260
North West,E08000002,Bury,9401,9674,10132,10760,11156,11480,11651,12029,12319,12676,13082,13257,13641,13596,13690,14303,14711,15087,15753,15637
North West,E08000003,Manchester,7181,7553,8173,8633,8996,9431,9483,9713,10093,10385,10673,10903,11398,11382,11593,11927,12258,12514,13189,13184
North West,E08000004,Oldham ,8980,9229,9690,10197,10551,10768,10876,11273,11537,12043,12456,12640,12977,13070,13182,13830,14253,14568,15151,15023
North West,E08000005,Rochdale,8934,9173,9724,10311,10676,10901,11031,11479,11758,12160,12669,12797,13182,13227,13418,14136,14556,14872,15462,15255
North West,E08000006,Salford,11444,11751,12249,12968,13124,13447,13836,14335,14815,15243,15696,15943,16296,16144,16294,16918,17149,17375,18579,18564
North West,E08000007,Stockport,10206,10448,11107,11828,12100,12416,12824,12913,13214,13679,14160,14396,14997,15140,15399,16027,16422,16889,17718,17833
North West,E08000008,Tameside,9490,9754,10369,10986,11171,11510,11825,12086,12680,13185,13677,13901,14511,14644,14912,15482,15934,16332,17132,17208
North West,E08000009,Trafford,12497,12804,13417,14292,14702,15092,15178,15432,15708,16048,16488,16607,16750,16668,16823,17357,17649,17884,19052,19021
North West,E08000010,Wigan,10066,10306,10768,11389,11742,11939,12242,12560,12790,13249,13681,13799,14085,14154,14256,14856,15156,15261,15544,15431
North West,E07000117,Burnley,8280,8531,8832,9346,9702,9713,10059,10421,10939,11412,12015,12490,12954,12945,13201,13531,13846,14022,14656,14604
North West,E07000118,Chorley,10464,10726,11044,11843,12284,12715,13088,13515,14021,14419,14908,15366,15985,15938,16327,16790,16956,17322,18534,18696
North West,E07000119,Fylde,10900,11100,11441,12394,12771,13092,13523,13823,14121,14677,15090,15446,15988,15935,15843,16336,16541,16942,17890,17640
North West,E07000120,Hyndburn,8226,8436,8796,9310,9666,9978,10080,10641,11196,11476,12068,12563,13028,13081,13325,13672,14047,14031,14799,14818
North West,E07000121,Lancaster,9201,9564,9859,10581,11026,11454,11835,12287,12674,13101,13642,14034,14798,14825,15006,15428,15889,16190,16651,16850
North West,E07000122,Pendle,8254,8451,8718,9280,9719,9891,10245,10569,11093,11558,12164,12655,13076,13076,13241,13585,13905,14022,14698,14628
North West,E07000123,Preston,10556,10860,11080,11787,12403,12605,12933,13395,14092,14515,15036,15384,16205,16071,16285,16858,17038,17377,18263,18057
North West,E07000124,Ribble Valley,11253,11576,11910,12537,13121,13354,13814,14221,14458,14817,15315,15680,15956,15991,16314,16564,16869,17345,18272,18086
North West,E07000125,Rossendale,8571,8900,9098,9680,10054,10417,10902,11391,11914,12076,12653,13107,13668,13657,13904,14089,14564,14628,15412,15285
North West,E07000126,South Ribble,10867,11219,11452,12189,12741,13057,13369,13789,14108,14503,15014,15297,15961,15864,16065,16366,16656,17059,17889,17585
North West,E07000127,West Lancashire,10357,10484,10941,11739,12211,12480,12847,13273,13734,14169,14753,15112,15741,15630,16053,16550,16771,17176,18378,18623
North West,E07000128,Wyre,9293,9544,9814,10485,10925,11307,11585,11876,12261,12656,13104,13446,14175,14066,14277,14613,14994,15246,15649,15717
North West,E08000011,Knowsley ,7920,8223,8641,9461,9981,10244,10570,11000,11460,11808,12453,12821,13323,13386,13623,14133,14423,14594,15256,15317
North West,E08000012,Liverpool,8445,8621,9098,9597,10092,10328,10637,10966,11129,11661,12025,12046,12627,12725,12879,13348,13723,14049,14566,14538
North West,E08000014,Sefton,11403,11796,12055,12103,11914,12419,12786,13148,13691,13958,14364,14697,15588,15670,15760,16480,17014,16958,17762,17672
North West,E08000013,St. Helens,8392,8631,9049,9694,10179,10444,10716,11187,11628,12008,12664,12931,13380,13468,13557,14074,14336,14542,15193,15305
North West,E08000015,Wirral,10261,10677,11124,11861,12268,12825,13237,13410,13537,13781,14488,14866,15495,15542,15595,16239,16684,16948,17499,17362
Yorkshire and The Humber,E06000011,East Riding of Yorkshire,10802,11065,11873,12220,12202,12707,13181,13774,14299,14918,15270,15456,15889,15962,16317,16707,16901,17167,18215,18427
Yorkshire and The Humber,E06000010,"Kingston upon Hull, City of",7411,7791,8237,9031,9548,9833,9837,9965,10164,10239,10584,10896,11426,11451,11786,12155,12264,12605,13103,13380
Yorkshire and The Humber,E06000012,North East Lincolnshire,9191,9588,9824,10151,10571,10841,11213,11568,11769,12230,12974,12988,13200,13231,13772,14175,14250,14480,15005,15039
Yorkshire and The Humber,E06000013,North Lincolnshire,9398,9839,9995,10442,10845,11138,11595,11917,12111,12465,13110,13154,13211,13182,13691,14116,14211,14364,14914,14953
Yorkshire and The Humber,E06000014,York,10532,11347,12061,12499,13033,13614,13547,13181,13442,14133,14898,14995,15567,15527,15685,16462,16760,17307,17909,18070
Yorkshire and The Humber,E07000163,Craven,11557,12308,12349,12538,12861,13585,13910,14361,15263,16290,16658,16997,17719,17442,17781,18543,18749,18908,20069,20259
Yorkshire and The Humber,E07000164,Hambleton,11918,12663,12731,12881,13558,14005,14314,14856,15529,16424,16813,17202,17774,17520,17969,18702,19016,19142,20259,20397
Yorkshire and The Humber,E07000165,Harrogate,11940,12923,13098,13437,13871,14632,14964,15196,15984,16860,17452,17723,18327,18157,18549,19246,19675,19758,21045,21292
Yorkshire and The Humber,E07000166,Richmondshire,11783,12533,12823,13019,13216,13724,14111,14729,15525,16615,17163,17618,18405,18241,18447,19297,19713,19703,20739,21131
Yorkshire and The Humber,E07000167,Ryedale,11732,12291,12490,12672,13059,13572,14074,14551,15318,16269,16620,16920,17517,17263,17709,18421,18849,18933,20082,20366
Yorkshire and The Humber,E07000168,Scarborough,11209,11958,12013,12137,12483,12945,13374,14148,14975,15868,16244,16653,17371,16989,17418,18133,18454,18556,19675,19703
Yorkshire and The Humber,E07000169,Selby,11728,12451,12525,12664,13125,13805,14309,14715,15639,16508,16919,17288,18230,17748,18130,18947,19282,19349,20482,20773
Yorkshire and The Humber,E08000016,Barnsley,8744,9084,9517,10147,10524,10732,11098,11420,11748,12090,12603,12687,12956,13101,13536,14078,14467,14927,15401,15552
Yorkshire and The Humber,E08000017,Doncaster,8694,9110,9579,10215,10557,10836,11236,11484,11780,12153,12632,12756,13048,13210,13576,14116,14498,14908,15434,15595
Yorkshire and The Humber,E08000018,Rotherham ,8810,9121,9583,10248,10662,10893,11204,11368,11727,12096,12552,12624,12970,13123,13455,14037,14442,14788,15321,15465
Yorkshire and The Humber,E08000019,Sheffield,9331,9629,10031,10546,11144,11458,11666,12213,12208,12393,12649,12980,13445,13233,13280,13697,13911,14362,14854,15057
Yorkshire and The Humber,E08000032,Bradford ,9314,9562,9975,10652,10609,10832,10957,11362,11412,11663,12069,12240,12483,12345,12465,12892,13331,13666,14302,14444
Yorkshire and The Humber,E08000033,Calderdale,9459,9820,10153,10773,11089,11310,11728,12186,12504,12840,13361,13476,13674,13718,13906,14475,14890,15200,15920,16060
Yorkshire and The Humber,E08000034,Kirklees ,9549,9947,10299,10954,11222,11460,11863,12254,12506,12849,13385,13453,13735,13707,13933,14498,14912,15172,15940,16107
Yorkshire and The Humber,E08000035,Leeds ,10178,10513,10879,11730,12080,12366,12631,12770,12986,13391,14023,14290,14545,14575,14907,15278,15693,15923,16647,16814
Yorkshire and The Humber,E08000036,Wakefield,9311,9719,10039,10694,11028,11414,11852,12287,12645,13015,13646,13688,13936,14073,14022,14505,14876,15107,15830,15955
East Midlands,E06000015,Derby ,9300,9539,9898,9963,10483,10914,11128,11527,11440,12156,12437,12369,13073,12585,12581,13390,13792,14331,14934,15078
East Midlands,E06000016,Leicester,8348,8267,8660,9221,9568,9843,9997,10196,10110,10304,10760,10647,10953,11127,11178,11640,11863,12049,12599,12848
East Midlands,E06000018,Nottingham,8304,8674,9049,9452,9654,9864,9927,9768,9924,10122,10542,10781,10817,10728,10761,11109,11679,11911,12397,12232
East Midlands,E06000017,Rutland ,11634,12058,12225,12988,13217,13495,14009,14471,14751,15243,15780,16123,16133,16134,16375,16948,17196,17490,18411,18254
East Midlands,E07000032,Amber Valley,9470,9852,10282,10861,11295,11679,12538,13138,13531,14037,14738,15046,15235,15163,15699,16318,16987,17139,18395,18747
East Midlands,E07000033,Bolsover,8442,8879,9407,9826,10654,10863,11117,11429,11771,12315,13026,13071,13256,13167,13434,14013,14261,14605,15527,15487
East Midlands,E07000034,Chesterfield,8502,8917,9440,9906,10755,11098,11278,11699,12020,12626,13248,13218,13415,13392,13644,14266,14580,14797,15710,15624
East Midlands,E07000035,Derbyshire Dales,10347,10818,11228,11743,12271,12615,13335,13863,14367,14874,15497,15602,15574,15690,16129,16698,17519,17647,18741,18987
East Midlands,E07000036,Erewash,9325,9671,10099,10610,11120,11556,12421,13081,13575,14010,14665,14993,15257,15191,15785,16357,17059,17255,18407,18760
East Midlands,E07000037,High Peak,9740,10112,10507,11119,11642,12036,12884,13495,13893,14410,15112,15487,15619,15450,16193,16787,17452,17612,18821,19188
East Midlands,E07000038,North East Derbyshire,8846,9310,9859,10266,11006,11356,11505,11749,12113,12638,13246,13196,13393,13218,13562,14080,14320,14529,15432,15352
East Midlands,E07000039,South Derbyshire,9848,10218,10835,11417,11735,12251,13146,13582,14108,14515,15148,15451,15643,15550,16180,16830,17525,17803,19008,19352
East Midlands,E07000129,Blaby,11290,11544,11837,12371,12730,13009,13660,14099,14476,14839,15523,15567,15973,15886,16303,16822,17132,17478,18298,18334
East Midlands,E07000130,Charnwood,11087,11410,11690,12226,12691,13163,13821,14421,14816,15164,15896,16063,16471,16507,16856,17494,17754,18098,18977,18970
East Midlands,E07000131,Harborough,11354,11820,12283,12942,13228,13569,14090,14317,14798,15117,15857,15916,16156,16308,16528,17138,17389,17870,18739,18622
East Midlands,E07000132,Hinckley and Bosworth,11125,11438,11733,12270,12751,13025,13592,14060,14619,14986,15640,15745,16140,16015,16301,16757,17020,17370,18210,18063
East Midlands,E07000133,Melton,11051,11372,11764,12280,12616,13133,13585,14104,14431,14836,15534,15565,16014,15963,16339,16931,17105,17397,18201,18089
East Midlands,E07000134,North West Leicestershire,10928,11274,11553,12145,12502,12854,13440,13930,14319,14699,15403,15542,15818,15850,16114,16605,17086,17413,18334,18256
East Midlands,E07000135,Oadby and Wigston,10944,11248,11473,11912,12215,12665,13354,13916,14238,14596,15327,15413,15730,15732,16194,16666,16885,17221,18145,17996
East Midlands,E07000136,Boston,9854,10174,10371,10772,11226,11511,11985,12448,12896,13142,13877,14238,14659,14770,15198,15703,15945,16263,16774,16659
East Midlands,E07000137,East Lindsey,9960,10292,10559,10995,11295,11557,11934,12409,12889,13125,13755,14013,14285,14291,14630,15084,15312,15589,16105,15878
East Midlands,E07000138,Lincoln,9778,10158,10437,10945,11396,11850,12527,13139,13812,14162,14962,15367,15831,15982,16520,17165,17450,17802,18323,18247
East Midlands,E07000139,North Kesteven,10265,10592,10891,11359,11724,11963,12510,12777,13285,13538,14271,14673,14891,14959,15353,15896,16122,16530,17099,16992
East Midlands,E07000140,South Holland,10073,10414,10649,11298,11550,11686,12180,12421,12951,13205,13953,14224,14527,14699,15055,15633,15867,16232,16769,16634
East Midlands,E07000141,South Kesteven,10426,10810,11111,11539,11999,12246,12720,13093,13568,13799,14527,14904,15130,15297,15643,16209,16412,16793,17275,17145
East Midlands,E07000142,West Lindsey,10228,10563,10734,11127,11440,11794,12229,12793,13200,13474,14164,14492,14852,15002,15385,15765,16143,16423,16871,16597
East Midlands,E07000150,Corby,9754,10002,10208,10818,11137,11373,11944,12531,13293,13982,15065,15451,15555,15478,15829,16575,17215,17548,18582,18540
East Midlands,E07000151,Daventry,11238,11664,11891,12776,13128,13159,13390,13788,14284,14894,15988,16015,15973,15956,16806,17613,18041,18481,19558,19988
East Midlands,E07000152,East Northamptonshire,10627,10991,11256,11921,12290,12460,12960,13341,13886,14444,15246,15544,15551,15369,15751,16354,16894,17216,18318,18375
East Midlands,E07000153,Kettering,10351,10655,10960,11640,12018,12210,12685,13192,13708,14335,15279,15460,15518,15288,15606,16413,16892,17325,18349,18362
East Midlands,E07000154,Northampton,10676,10885,11208,12042,12499,12706,13162,13697,14286,14901,15973,15997,16017,15939,17005,17869,18248,18701,19705,20006
East Midlands,E07000155,South Northamptonshire,11507,11765,12194,13325,13695,13702,13989,14185,14625,15303,16369,16480,16233,16286,17197,18021,18433,18933,20036,20271
East Midlands,E07000156,Wellingborough,10210,10500,10816,11511,11913,12044,12523,12952,13561,14077,14959,15237,15359,15137,15437,16179,16613,16994,18053,17989
East Midlands,E07000170,Ashfield,8960,9518,9884,10550,10943,11328,11655,12275,12493,12768,13613,13898,14195,14052,14206,14664,14895,15384,16341,16405
East Midlands,E07000171,Bassetlaw,9169,9635,10032,10676,11072,11483,11708,12387,12624,12852,13625,13938,14335,14102,14193,14609,14845,15231,16179,16201
East Midlands,E07000172,Broxtowe,10819,11242,11671,11974,12710,13106,13726,14229,14567,15127,16057,16505,16808,16448,16505,17424,17851,18198,18947,19301
East Midlands,E07000173,Gedling,10802,11217,11566,11878,12565,12990,13474,13972,14241,14834,15739,16139,16563,16286,16362,17223,17708,18173,18861,19130
East Midlands,E07000174,Mansfield,8852,9360,9680,10271,10754,11125,11533,12174,12465,12736,13638,13984,14411,14206,14249,14716,14982,15413,16358,16394
East Midlands,E07000175,Newark and Sherwood,9200,9821,10054,10781,11227,11674,12042,12530,12680,12911,13701,14101,14437,14177,14267,14753,15020,15364,16311,16353
East Midlands,E07000176,Rushcliffe,11529,12050,12541,13108,13718,13994,14368,14762,15037,15513,16481,16955,17113,16941,16943,17865,18337,18802,19631,20021
West Midlands,E06000019,"Herefordshire, County of",10259,10803,10974,11607,12205,12648,13064,13735,14070,14909,15103,15692,16091,16387,16926,17342,17900,17978,19016,19089
West Midlands,E06000051,Shropshire,10773,11448,11544,12035,12273,12688,13161,13739,13988,14766,15123,15957,16384,16251,16599,16961,17298,17602,18705,18856
West Midlands,E06000021,Stoke-on-Trent,8260,8480,9009,9421,9500,9646,9936,10220,10738,10856,11405,11572,11846,11939,12270,12704,13120,13283,13863,14075
West Midlands,E06000020,Telford and Wrekin,10090,10406,10582,10513,10446,10899,11450,11943,11870,12391,12877,13071,13418,13594,14086,14665,14913,15192,16064,16291
West Midlands,E07000192,Cannock Chase,10084,10665,10921,11438,12119,12477,12812,12988,13481,14060,14529,14997,15373,15346,15509,16085,16587,16988,17948,18283
West Midlands,E07000193,East Staffordshire,9991,10542,10875,11417,12054,12348,12642,12932,13285,13916,14441,14919,15312,15357,15540,16052,16587,17002,17995,18253
West Midlands,E07000194,Lichfield,10764,11336,11708,12331,12903,13337,13624,13649,13951,14493,14842,15387,15420,15544,15541,16091,16505,16956,17929,18181
West Midlands,E07000195,Newcastle-under-Lyme,9954,10397,10710,11277,11813,12123,12508,12712,13250,13870,14322,14855,15199,15167,15356,15944,16523,16883,17856,18189
West Midlands,E07000196,South Staffordshire,10661,11244,11559,12181,12765,13263,13453,13398,13732,14283,14740,15196,15390,15445,15535,16123,16587,16967,17901,18166
West Midlands,E07000197,Stafford,10398,10853,11199,11863,12462,12799,13226,13321,13671,14278,14692,15271,15429,15463,15672,16201,16711,17081,18051,18399
West Midlands,E07000198,Staffordshire Moorlands,10191,10836,11168,11718,12301,12499,12819,13170,13497,14099,14471,14961,15079,15110,15214,15685,16104,16493,17453,17670
West Midlands,E07000199,Tamworth,10168,10755,11083,11735,12477,12753,13165,13360,13754,14355,14754,15244,15559,15464,15553,16090,16618,16970,17891,18260
West Midlands,E07000218,North Warwickshire,11365,11806,12134,12966,13461,13870,14373,14909,15179,15639,16052,16596,17084,16862,17153,17828,18404,18964,20312,20624
West Midlands,E07000219,Nuneaton and Bedworth,11039,11391,11699,12523,13052,13366,13958,14533,14782,15329,15839,16298,16833,16704,17123,17788,18386,18948,20107,20471
West Midlands,E07000220,Rugby,11210,11712,12019,13000,13568,14083,14400,14952,15040,15646,16141,16718,17051,17018,17348,18039,18682,19415,20605,20935
West Midlands,E07000221,Stratford-on-Avon,12464,13038,13681,14493,14909,15101,15441,15610,15842,16261,16681,17276,17335,17380,17782,18536,18985,19544,20926,21265
West Midlands,E07000222,Warwick,11862,12545,13017,14110,14604,15092,15507,15890,16115,16670,17254,17916,18181,18216,18571,19335,20000,20801,22080,22630
West Midlands,E08000025,Birmingham,8803,9175,9453,10107,10485,10674,10819,11076,11067,11412,11644,11899,12163,12344,12439,12814,13064,13485,14034,14093
West Midlands,E08000026,Coventry,8998,9193,9518,10373,10814,11136,11134,11614,11479,11650,12251,12510,12929,13069,13212,13499,13741,13924,14226,14175
West Midlands,E08000027,Dudley ,9656,10058,10356,10887,11120,11249,11439,11883,11977,12307,12530,12683,13271,13504,13646,14266,14629,14951,15602,15878
West Midlands,E08000028,Sandwell ,8180,8516,8804,9328,9566,9754,9917,10222,10306,10484,10676,10858,11238,11372,11568,11979,12145,12608,13242,13164
West Midlands,E08000029,Solihull,12156,12679,13094,14109,15298,15780,15991,16292,16576,16815,17231,17450,17745,17745,18143,18866,19869,20422,21695,21927
West Midlands,E08000030,Walsall,8883,9342,9572,9991,10193,10487,10568,10830,10842,11021,11273,11567,11971,12030,12223,12622,13053,13532,13997,13791
West Midlands,E08000031,Wolverhampton,8936,9353,9689,10136,10451,10646,10749,11005,11067,11250,11580,11909,12259,12303,12408,12730,13034,13375,13879,13926
West Midlands,E07000234,Bromsgrove,11600,12384,12629,13236,13666,14059,14118,14699,15317,16108,16070,16545,16713,16549,16906,17526,18109,18722,19930,20176
West Midlands,E07000235,Malvern Hills,11309,12000,12237,12686,13189,13787,13817,14349,14939,15701,15790,16047,16199,16096,16435,16856,17503,17973,19058,19309
West Midlands,E07000236,Redditch,10771,11483,11776,12247,12717,13176,13553,14483,15053,15866,15939,16272,16808,16570,16746,17335,18015,18470,19483,19720
West Midlands,E07000237,Worcester,10950,11718,12022,12436,12945,13522,13800,14598,15227,16123,16282,16720,17121,16900,17283,17981,18635,19130,20293,20618
West Midlands,E07000238,Wychavon,11335,12043,12216,12907,13510,13780,13973,14581,15175,15851,15999,16304,16514,16375,16721,17211,17782,18413,19479,19773
West Midlands,E07000239,Wyre Forest,10972,11664,11827,12162,12644,13120,13467,14161,14800,15460,15504,15850,16199,15900,16140,16664,17267,17669,18683,18897
East of England,E06000055,Bedford,11406,11560,11972,12578,12664,13240,13417,13812,14418,14935,15431,16024,16547,16757,17010,17501,17898,18279,19767,20136
East of England,E06000056,Central Bedfordshire,12129,12358,12848,13634,13891,14519,14666,14989,15558,15984,16389,16933,17379,17697,17732,18459,19209,19377,20294,20719
East of England,E06000032,Luton,9260,8994,9417,10047,10691,11063,11333,11554,11710,11817,12128,12330,12597,12722,12879,13364,13592,13987,14448,14889
East of England,E06000031,Peterborough,9916,10344,11033,11751,12095,12320,12281,12359,12634,13308,13856,14039,14093,14205,14310,14864,15262,15844,16630,16563
East of England,E06000033,Southend-on-Sea,10676,11073,11615,12354,13115,13641,13962,13978,14253,14621,15057,15363,15910,15992,16113,16648,17196,17596,18607,19088
East of England,E06000034,Thurrock,10133,10372,10563,10810,11311,12013,12443,12712,13036,13397,13936,14482,14882,14990,15054,15558,15886,16458,17206,17507
East of England,E07000008,Cambridge,12314,12880,13639,14537,14827,15505,15562,16297,17356,18073,18631,18996,19521,19526,19633,20580,21630,22618,23872,24472
East of England,E07000009,East Cambridgeshire,11206,11730,12303,12977,13170,13757,13663,14329,15136,15718,16183,16549,16995,16913,16887,17687,18374,19066,20047,20406
East of England,E07000010,Fenland,10519,10949,11351,11897,12017,12721,12832,13426,14226,14849,15305,15712,16158,16011,16083,16825,17524,18099,19055,19399
East of England,E07000011,Huntingdonshire,11314,11803,12400,12995,13170,13783,13852,14487,15378,15977,16468,16848,17207,17098,17063,17918,18611,19267,20225,20630
East of England,E07000012,South Cambridgeshire,11883,12435,13072,13756,14030,14514,14352,14869,15733,16357,16860,17237,17456,17320,17486,18259,18961,19656,20843,21331
East of England,E07000066,Basildon,11143,11467,12075,12637,13327,13819,14066,14532,14987,15410,15867,16509,17193,17028,17241,17949,18146,18276,19325,19809
East of England,E07000067,Braintree,10351,10764,11429,12061,12626,13231,13370,13895,14320,14628,15099,15761,16350,16105,16401,17020,17533,17784,18577,18938
East of England,E07000068,Brentwood,13968,14160,14924,15719,16143,16322,16668,16946,17466,17914,18324,19139,19806,19463,19713,20642,21081,21821,22668,22940
East of England,E07000069,Castle Point,11753,11981,12519,13078,13755,14172,14452,14748,15114,15367,15886,16504,16993,16752,16966,17512,17706,17854,18886,19249
East of England,E07000070,Chelmsford,13532,13810,14509,15230,15967,16401,16650,17022,17467,17969,18584,19183,19709,19405,19599,20359,20802,21332,22130,22246
East of England,E07000071,Colchester,10451,10803,11461,12056,12715,13205,13413,13957,14462,14813,15298,15846,16608,16434,16827,17554,18099,18241,19085,19526
East of England,E07000072,Epping Forest,13758,14155,14802,15558,16124,16447,16771,17238,17967,18424,19031,19903,19904,19599,19939,20815,21264,21642,24002,24393
East of England,E07000073,Harlow,12433,12686,13111,13952,14544,15036,15210,16040,16862,17254,17876,18503,18846,18350,18821,19665,20032,20242,22515,22960
East of England,E07000074,Maldon,13641,13922,14486,15275,15751,16132,16234,16610,17080,17545,17970,18792,19039,18717,19016,19608,19999,20524,21221,21234
East of England,E07000075,Rochford,11695,11926,12482,13079,13780,14156,14498,14848,15277,15583,16121,16753,17227,17060,17264,17865,18109,18238,19325,19802
East of England,E07000076,Tendring,9560,9780,10358,10937,11498,11912,12178,12566,12966,13307,13771,14387,14840,14581,14879,15413,15898,16053,16787,16988
East of England,E07000077,Uttlesford,13962,14290,14865,15843,16302,16578,16627,17345,18065,18295,18697,19418,19708,19283,19717,20675,20998,21170,23385,23660
East of England,E07000095,Broxbourne,13356,14023,14063,15224,15979,16292,16601,16932,17380,18141,19070,19478,20054,19676,19736,20790,21775,22289,23736,23826
East of England,E07000096,Dacorum,13082,13748,13903,15183,15895,16222,16506,16915,17404,18245,19137,19605,20240,19919,19961,20968,21953,22623,24056,24056
East of England,E07000242,East Hertfordshire,13813,14469,14674,15849,16643,16953,17178,17556,18052,18802,19616,20066,20612,20249,20444,21379,22432,22968,24355,24377
East of England,E07000098,Hertsmere,13215,14064,14353,15347,16228,16564,16844,17252,17733,18506,19367,19758,20295,20111,20101,21133,22175,23029,24357,24318
East of England,E07000099,North Hertfordshire,12750,13438,13586,14951,15716,15966,16410,16703,17156,18109,18844,19242,19808,19529,19609,20625,21504,22095,23462,23554
East of England,E07000240,St Albans,14301,15076,15243,16634,17318,17542,17700,17849,18415,19202,20125,20495,21050,20876,20878,21960,22802,23703,25097,25098
East of England,E07000243,Stevenage,12103,12715,12894,14037,14976,15501,15845,16342,16846,17655,18570,18979,19748,19384,19493,20474,21485,22094,23515,23555
East of England,E07000102,Three Rivers,13710,14514,14501,15606,16568,16647,16921,17296,17813,18527,19510,19859,20367,20348,20325,21477,22601,23107,24594,24613
East of England,E07000103,Watford,13168,13886,14129,15443,16333,16657,17061,17491,18062,18856,19880,20351,20847,20534,20553,21628,22658,23217,24688,24854
East of England,E07000241,Welwyn Hatfield,12678,13278,13492,14612,15423,15935,16335,16831,17333,18237,19130,19662,20401,20108,20285,21226,22323,22902,24382,24690
East of England,E07000143,Breckland,10118,10452,10538,11232,11820,11969,12236,12603,13084,13258,13943,14526,14771,14994,15372,16072,16147,16398,17290,17225
East of England,E07000144,Broadland,10596,10841,10941,11537,12038,12237,12336,12493,12821,12834,13447,14031,14243,14472,14837,15457,15711,15929,17001,17096
East of England,E07000145,Great Yarmouth,9777,10030,10181,10679,11210,11308,11551,11885,12166,12152,12763,13371,13857,14006,14413,15029,15252,15351,16348,16411
East of England,E07000146,King’s Lynn and West Norfolk,9492,9708,10025,10677,11346,11568,11840,12163,12673,12772,13426,14105,14800,15185,15634,16320,16679,16849,17601,17859
East of England,E07000147,North Norfolk,9688,9931,10149,10783,11457,11857,12098,12294,12817,12882,13468,14210,14560,14936,15333,15999,16364,16551,17390,17587
East of England,E07000148,Norwich,9721,10073,10369,11088,11736,12094,12389,12688,13118,13254,13957,14572,15058,15396,15836,16573,16905,17104,18229,18459
East of England,E07000149,South Norfolk,10666,10921,11098,11740,12366,12535,12755,13077,13518,13672,14308,14871,15078,15310,15657,16328,16386,16688,17636,17619
East of England,E07000200,Babergh,10621,10727,11058,11978,12532,13011,13148,13519,13955,14326,14726,15432,15973,15992,15964,16709,17005,17338,18300,18654
East of England,E07000201,Forest Heath,10215,10376,10756,11823,12583,12950,13318,13876,14309,14618,15099,16035,16459,16416,16544,17396,17732,17923,18782,19101
East of England,E07000202,Ipswich,9751,10015,10313,11336,11980,12341,12668,13246,13810,14253,14781,15650,16307,16285,16397,17241,17688,17988,18990,19347
East of England,E07000203,Mid Suffolk,10573,10766,11037,12123,12520,12989,13181,13640,14053,14301,14762,15608,16153,16020,16032,16789,17172,17438,18506,18850
East of England,E07000204,St Edmundsbury,10455,10714,10976,11987,12670,13034,13298,13681,14099,14470,14885,15673,16180,16116,16222,16963,17411,17799,18872,19098
East of England,E07000205,Suffolk Coastal,10452,10742,10995,11928,12545,12865,13049,13482,13908,14230,14716,15645,16001,16025,16098,16722,17156,17498,18493,18722
East of England,E07000206,Waveney,9710,9860,10054,10985,11552,11858,12279,12745,13165,13496,13957,14773,15326,15191,15207,15920,16313,16466,17465,17690
London,E09000007,Camden,18532,20559,21610,24035,23918,23969,24447,26518,29385,32255,35431,38688,38015,36014,34754,37736,41465,41807,44738,44892
London,E09000001,City of London,20833,23729,24620,27021,27961,27960,29613,31588,35451,38779,43428,45216,44909,42716,41688,45786,52644,53987,59539,56664
London,E09000012,Hackney ,6515,7194,8054,9160,9700,9916,10381,11202,12369,13526,14472,14909,15365,15332,15533,16601,17719,18353,19603,20175
London,E09000013,Hammersmith and Fulham ,25890,26691,27655,29932,29678,29247,30014,31926,34383,37784,41443,43749,44150,42170,40791,44220,49467,51903,56049,55552
London,E09000014,Haringey,15327,15681,16590,17688,18107,18441,18752,19638,20533,21664,22824,22976,22984,23285,23353,24916,25206,26017,27446,27179
London,E09000019,Islington,15184,15863,17022,18380,18733,19083,19346,20204,21310,22826,24407,24941,24581,24903,24994,26587,27161,27988,29576,29371
London,E09000020,Kensington and Chelsea,29530,29848,30695,33207,32758,32148,32690,34808,37180,40921,45612,48821,47715,45934,45197,50327,55737,59879,63704,62600
London,E09000022,Lambeth ,11141,11639,12486,13653,13932,14217,14625,15342,16273,17308,18479,18882,18960,19333,19469,20732,21608,22510,24935,24965
London,E09000023,Lewisham ,10101,10588,11188,12109,12535,12897,13513,14191,15046,16031,16962,17289,17271,17883,17765,18930,19647,20598,22033,22139
London,E09000025,Newham ,6392,6952,7599,8656,9318,9729,10387,11188,12295,13273,14134,14525,14500,14571,14643,15471,16280,16658,17986,18537
London,E09000028,Southwark,10038,10567,11373,12461,12797,13033,13642,14395,15415,16373,17411,17767,18036,18837,18797,19989,20831,21826,23237,23284
London,E09000030,Tower Hamlets,13122,13624,14171,15289,15731,15809,16255,16936,17838,18799,19742,19970,20160,20138,19996,20977,21469,21719,23123,23227
London,E09000032,Wandsworth,14012,15615,17256,19516,20131,20093,20439,21921,24287,26440,29240,30340,30516,29032,27745,29872,32557,34341,36264,37288
London,E09000033,Westminster,21079,22028,23911,26140,26516,26218,26702,28500,30790,33768,37568,40193,41057,39555,38707,42194,46400,48620,51511,50910
London,E09000002,Barking and Dagenham,9625,10140,10471,11250,12083,12545,13018,13551,13904,14256,15082,15634,15673,15735,15828,16852,17236,17535,18555,19234
London,E09000003,Barnet,12774,13480,14084,15357,15862,16408,17155,17745,18798,19582,20655,21281,20889,21017,21160,22869,23785,24925,27591,27455
London,E09000004,Bexley,13057,13348,13625,14259,14994,15171,15587,15936,16198,16551,17387,17739,17688,17741,17638,18501,18965,19352,20519,20766
London,E09000005,Brent ,10845,11383,12122,13001,13599,14157,14801,15305,16274,16631,17500,18025,18113,18051,18199,19686,20837,21699,23362,23580
London,E09000006,Bromley,13916,14736,15337,16503,17056,17424,18297,19277,20074,20698,21683,21949,21640,21896,22275,23748,24387,25302,26893,27169
London,E09000008,Croydon,10324,10776,11464,12476,13125,13576,14288,15017,15749,16274,17162,17546,17335,17483,17682,18852,19421,19686,21138,21766
London,E09000009,Ealing,12921,13503,14034,14913,15542,15990,16640,17061,17700,18163,19057,19632,19576,19799,19941,21546,22785,24055,25936,26655
London,E09000010,Enfield,10966,11453,11737,12700,13470,13663,14144,14732,15294,15774,16798,17335,17246,17229,17216,18488,18893,19560,21057,21444
London,E09000011,Greenwich,12575,12907,13407,14215,14974,15255,15655,16073,16532,16962,17769,18292,18428,18542,18518,19467,20031,20515,21549,21802
London,E09000015,Harrow,11745,12492,13185,14171,14975,15481,16222,16604,17305,17596,18655,19181,18752,19026,19069,20457,21474,21926,23507,23928
London,E09000016,Havering,10785,11270,11577,12399,13130,13403,13992,14427,14874,15271,16160,16677,16452,16566,16640,17726,18143,18226,19399,20095
London,E09000017,Hillingdon,11268,11969,12632,13565,14259,14800,15436,16001,16762,17226,18109,18698,18497,18610,18636,19911,20922,21312,22988,23439
London,E09000018,Hounslow,16635,17261,17740,18920,19540,19986,20683,21073,21774,22417,23163,23738,23826,23765,23801,25358,26329,27017,29119,30230
London,E09000021,Kingston upon Thames,14631,15256,15970,17163,17591,17929,18690,19616,20317,20813,22012,22344,21789,22026,22217,23816,24663,24975,26494,26947
London,E09000024,Merton,14414,14952,15621,16742,17212,17529,18235,19214,19980,20484,21491,21893,21556,21947,22249,23549,24602,25177,26674,27213
London,E09000026,Redbridge,11232,11563,12001,12838,13653,14005,14491,15015,15515,15787,16463,16867,16616,16702,16699,18039,18458,18879,20446,20933
London,E09000027,Richmond upon Thames,18580,19226,19930,21310,21630,21785,22402,22869,23565,24356,25690,26262,25710,25561,25947,27484,28821,29722,32132,33258
London,E09000029,Sutton,13808,14292,14695,15812,16134,16487,17174,17988,18809,19308,20230,20594,20263,20528,20735,22083,22866,23127,24669,24968
London,E09000031,Waltham Forest,10977,11326,11715,12556,13489,13892,14311,14784,15318,15749,16591,16967,16877,17037,17067,18316,18922,19635,21038,21595
South East,E06000036,Bracknell Forest,13593,14058,14224,15286,15478,15980,16242,16530,17068,17896,19041,19385,19661,19550,19822,20825,21669,21910,23137,23733
South East,E06000043,Brighton and Hove,12033,12262,12675,13549,14151,14590,14763,15318,16085,16327,16813,17398,17847,17618,17788,18330,18905,19257,20618,20508
South East,E06000046,Isle of Wight,9865,10196,10381,10925,11727,12021,12123,12652,13207,13860,14401,14818,15524,15683,15932,16164,16516,16414,16975,16781
South East,E06000035,Medway,10830,10784,11124,11798,12311,12680,12788,13363,13711,14109,14739,15097,15616,15544,15753,16188,16407,16662,17661,17884
South East,E06000042,Milton Keynes,11187,11540,11780,12480,12890,13642,13875,14563,14996,15473,16183,16636,16678,16964,16968,17478,17724,18140,19392,20039
South East,E06000044,Portsmouth,9368,9529,9982,10861,10878,11341,11412,11398,11345,11557,12139,12540,13153,13004,13133,13286,13861,14074,15028,15066
South East,E06000038,Reading,13248,13691,14070,15434,15649,16241,16501,16972,17524,18305,19585,19965,19941,19730,20062,21078,21925,22213,23410,24114
South East,E06000039,Slough,12710,13196,13325,14401,14802,15273,15658,16064,16661,17372,18517,18918,19093,18923,19266,20198,21095,21232,22381,22953
South East,E06000045,Southampton,9627,9655,9699,10356,10735,11176,11276,11589,11666,12177,12842,13095,13460,13358,13515,13873,14230,14443,15022,14797
South East,E06000037,West Berkshire,13634,14018,14374,15322,15542,15929,16155,16519,17073,17862,18940,19320,19409,19121,19461,20305,21000,21160,22436,22997
South East,E06000040,Windsor and Maidenhead,14708,15361,15454,16569,16642,16892,17032,17087,17836,18481,19534,20047,20124,19815,20271,21191,21938,22554,23879,24446
South East,E06000041,Wokingham,14561,15025,15412,16433,16415,16857,17121,17379,17792,18378,19497,19622,19754,19526,19903,20716,21396,21856,23295,23795
South East,E07000004,Aylesbury Vale,14492,14956,15439,16553,17320,17816,17913,18613,19225,20647,21454,21840,22535,22282,22512,23201,23932,24399,26139,26093
South East,E07000005,Chiltern,16008,16619,16996,18018,18802,18951,18983,19667,19907,21545,22117,23149,23213,22635,22886,23791,24415,25237,27083,27106
South East,E07000006,South Bucks,16283,16722,17113,18054,18657,18891,19084,19715,20271,21897,22923,23464,23567,23612,23679,24259,24959,26249,27836,27802
South East,E07000007,Wycombe,14919,15426,15966,17023,17728,18117,18251,18951,19568,20905,21668,22139,22702,22408,22557,23446,24273,24694,26512,26313
South East,E07000061,Eastbourne,11360,11654,12066,12882,13462,13878,14204,14506,15138,15716,16828,17310,17613,18118,17991,18534,19371,19536,20545,20524
South East,E07000062,Hastings,11341,11654,12067,12774,13294,13821,14095,14568,15168,15876,17056,17423,17982,18337,18292,19017,19904,19998,20978,20995
South East,E07000063,Lewes,11957,12236,12667,13459,14133,14403,14557,14870,15487,16087,17301,17783,18025,18365,18478,19027,19858,19997,21153,21104
South East,E07000064,Rother,11673,11819,12245,12937,13522,13817,14081,14257,14830,15394,16469,17041,17267,17594,17562,18135,18996,19064,20105,19988
South East,E07000065,Wealden,12502,12944,13334,14044,14492,14752,14916,15131,15721,16357,17302,17869,17954,18526,18325,18984,19810,19892,21014,20948
South East,E07000084,Basingstoke and Deane,13663,14037,14298,15240,15696,16076,16227,16836,17064,17498,18355,18767,19287,19142,19314,20391,21053,21261,22650,22783
South East,E07000085,East Hampshire,13565,14057,14721,15649,16280,16713,16860,17413,18109,18803,19653,20272,20757,20770,21028,21954,22502,22949,24389,24662
South East,E07000086,Eastleigh,11126,11474,11894,12611,13254,13867,14056,14642,15142,15554,16320,16865,17425,17380,17660,18660,19327,19482,20298,20647
South East,E07000087,Fareham,11190,11602,11974,12690,13283,13812,13936,14427,14765,15256,15976,16550,17035,16998,17315,18335,18907,19150,20011,20307
South East,E07000088,Gosport,10147,10461,10894,11603,12318,12925,13258,13837,14235,14704,15387,15873,16589,16451,16688,17634,18328,18503,19330,19687
South East,E07000089,Hart,14940,15261,15344,16375,16733,17070,16983,17514,17741,18194,18993,19558,19714,19502,19790,20835,21468,21893,23472,23528
South East,E07000090,Havant,10494,10806,11134,11738,12390,12986,13096,13645,14063,14533,15248,15718,16343,16299,16552,17434,18240,18495,19286,19645
South East,E07000091,New Forest,13210,13534,13868,14929,15416,15847,16137,16858,17436,18191,18931,19564,19954,19741,20140,21172,21387,21705,23249,23355
South East,E07000092,Rushmoor,13334,13604,13911,14778,15323,15898,16043,16675,17031,17557,18479,18959,19489,19544,19675,20673,21485,21789,23219,23466
South East,E07000093,Test Valley,13589,14039,14227,15441,15967,16442,16570,17308,17858,18670,19566,20147,20611,20389,20692,21816,22080,22387,23830,24155
South East,E07000094,Winchester,13696,14284,14708,15988,16586,16992,17006,17924,18552,19181,20136,20847,21050,21111,21490,22645,23133,23531,25146,25232
South East,E07000105,Ashford,12349,12605,12940,13902,14431,14710,14780,15407,15838,16298,16880,17271,17587,17568,17652,18490,19088,19381,20136,19843
South East,E07000106,Canterbury,9202,9563,10106,11010,11671,12229,12408,12910,13398,13785,14516,14982,15535,15815,16153,16900,17498,17841,18736,18679
South East,E07000107,Dartford,10891,11122,11537,12312,12796,13343,13596,13934,14381,14879,15607,16044,16352,16412,16677,17394,17797,18177,19264,19449
South East,E07000108,Dover,9036,9352,9763,10435,11042,11473,11675,12203,12658,13156,13809,14197,14971,14988,15227,15839,16411,16706,17485,17378
South East,E07000109,Gravesham,10626,10873,11221,11876,12393,12908,13040,13534,13852,14251,14946,15307,15807,15803,16073,16632,17116,17451,18331,18453
South East,E07000110,Maidstone,12891,13139,13500,14480,14989,15217,15398,15953,16356,16867,17474,17815,18108,18099,18220,18973,19606,19831,20650,20398
South East,E07000111,Sevenoaks,16050,16246,16383,17699,18164,18345,18540,19288,19788,20460,21148,21609,21665,21467,21895,22803,23469,24285,25893,25029
South East,E07000112,Shepway,9249,9575,10009,10696,11172,11661,11943,12360,12909,13390,13972,14473,15203,15182,15447,16065,16519,16655,17547,17390
South East,E07000113,Swale,10581,10832,11273,11973,12439,12953,13138,13613,13943,14353,14879,15240,15603,15582,15790,16304,16771,17034,17885,17942
South East,E07000114,Thanet,8802,9045,9469,10179,10745,11202,11392,11905,12462,12972,13565,14013,14703,14720,15013,15601,16104,16427,17178,17009
South East,E07000115,Tonbridge and Malling,15868,15930,16110,17386,17744,18188,18179,19013,19490,20187,20863,21185,21316,21356,21542,22487,23475,24084,25731,25094
South East,E07000116,Tunbridge Wells,15633,15873,16221,17432,17905,18244,18337,19211,19796,20541,21193,21506,21868,21742,21950,22839,23698,24227,25990,25407
South East,E07000177,Cherwell,12866,13243,13620,14696,15043,15435,15554,16194,16414,17530,17981,18478,18968,18595,18884,19811,20482,21118,22745,23184
South East,E07000178,Oxford,13462,13983,14426,15656,16052,16691,16939,17788,18114,19423,19868,20390,20699,20344,20681,21894,22667,23344,25036,25585
South East,E07000179,South Oxfordshire,13532,13871,14252,15404,15566,16021,16014,16497,16952,17953,18561,18761,19249,18976,19145,20147,20796,21277,23047,23358
South East,E07000180,Vale of White Horse,13291,13767,13846,14944,15262,15615,15662,16115,16512,17656,18081,18668,18855,18576,18855,19817,20337,21043,22725,23042
South East,E07000181,West Oxfordshire,13297,13625,14009,14921,15116,15518,15580,16076,16353,17480,18044,18417,18853,18486,18837,19820,20392,20860,22449,22763
South East,E07000207,Elmbridge,17026,17962,18446,19400,19765,20075,19764,20585,21693,23142,23798,24453,24608,24349,24760,26195,27285,27768,29566,29325
South East,E07000208,Epsom and Ewell,16036,17068,17533,18518,18868,19469,19510,20077,21186,22819,23459,23670,23237,23398,23894,25159,25955,26410,28153,27973
South East,E07000209,Guildford,16350,17235,17832,18691,18985,19616,19687,20444,21483,22773,23563,23699,23806,24039,24316,25724,26833,27379,29156,29223
South East,E07000210,Mole Valley,16251,17088,17515,18434,18554,19232,18960,19532,20985,22194,22915,23420,23255,23003,23444,25068,25795,26069,27699,27469
South East,E07000211,Reigate and Banstead,15469,16536,16977,17886,18190,18780,18970,19631,20815,22261,23059,23126,23173,22971,23105,24467,25357,25742,27284,27010
South East,E07000212,Runnymede,16123,17053,17795,18451,18809,19434,19555,20262,21330,22681,23449,23716,23844,23655,24101,25110,26577,27258,28907,28987
South East,E07000213,Spelthorne,15920,16720,17199,17968,18282,18909,18909,19489,20591,21953,22594,22882,23160,22956,23384,24567,25805,26251,27943,27988
South East,E07000214,Surrey Heath,16548,17459,17940,18628,18869,19487,19619,19971,20891,22220,22920,22852,23260,23091,23458,24777,25927,26346,28013,27736
South East,E07000215,Tandridge,15874,16729,17183,17852,18166,18786,19112,19509,20554,22133,22797,23002,22774,22799,23079,24280,25295,25638,27300,26830
South East,E07000216,Waverley,16263,17131,17469,18265,18608,19133,19164,19683,20685,22050,22559,22974,23019,22855,23257,24566,25536,26059,27656,27506
South East,E07000217,Woking,15703,16569,17175,18112,18334,19027,19233,19796,21024,22447,22995,23222,23466,23324,23538,24816,25914,26496,28167,28064
South East,E07000223,Adur,11347,11952,12063,13048,13839,14150,14333,14795,15657,16297,16975,17188,17416,17626,17971,18881,19656,19928,21456,21528
South East,E07000224,Arun,11379,11982,12091,12947,13724,14016,14237,14648,15368,15925,16562,16824,17085,17290,17585,18407,19164,19264,20679,20731
South East,E07000225,Chichester,11992,12603,12854,13907,14511,14770,14979,15600,16300,16924,17235,17666,17909,18008,18529,19350,20110,20260,21795,21814
South East,E07000226,Crawley,14178,14569,14566,15561,16205,16517,16740,17376,18040,18704,19411,19599,19855,19858,20107,20946,21790,21922,22896,22830
South East,E07000227,Horsham,15104,15411,15739,16663,17077,17514,17566,18022,18622,19184,19506,19823,19865,19861,20271,21079,21701,21974,23077,22886
South East,E07000228,Mid Sussex,15100,15466,15491,16558,17131,17368,17617,18089,18646,19086,19613,19807,19854,19788,20124,20900,21669,21846,22906,22839
South East,E07000229,Worthing,11258,11884,12050,13019,13722,14173,14473,14882,15655,16416,17054,17342,17651,17901,18293,19085,19848,20201,21726,21764
South West,E06000022,Bath and North East Somerset,12263,12823,13439,13938,14103,14269,14685,14894,15518,16437,16984,17695,17678,17925,18337,18984,19696,20171,21615,21955
South West,E06000028,Bournemouth,11366,11696,12222,13122,13588,13793,14128,14701,15283,16042,16677,16962,16612,16922,17158,17594,18211,18430,19542,19448
South West,E06000023,"Bristol, City of",10387,10661,11022,11738,12265,12434,12620,12988,13130,13734,14322,14744,14739,15046,15390,15724,16223,16702,17488,17633
South West,E06000052,Cornwall,9942,10234,10291,10892,11517,11983,12145,12564,13002,13635,14126,14543,14786,15059,15435,15889,16123,16387,17003,17018
South West,E06000053,Isles of Scilly,13751,14014,13939,15205,14825,15008,15818,15312,15434,17897,16959,16539,17932,17452,18583,19214,18310,17737,19184,18902
South West,E06000024,North Somerset,11880,12400,12828,13119,13222,13362,13777,14148,14676,15533,16009,16734,16789,16754,17068,17613,18191,18632,19935,19982
South West,E06000026,Plymouth,9258,9632,9827,10437,10702,10894,11207,11540,11715,12160,12639,13076,13427,13916,14104,14336,14665,14947,15407,15147
South West,E06000029,Poole,11579,11872,12355,13132,13481,13573,13832,14231,14776,15464,16017,16309,15893,16016,16238,16622,17256,17529,18601,18534
South West,E06000025,South Gloucestershire,12212,12757,13217,13558,13729,13921,14331,14599,15126,15986,16512,17171,17245,17334,17700,18403,19060,19529,20914,21136
South West,E06000030,Swindon,11137,11739,12215,12971,13599,14006,14134,14263,14598,15102,15374,15669,16163,15883,16082,16593,16948,17444,18194,18536
South West,E06000027,Torbay,10051,10176,10502,11346,11393,11575,11914,12313,13014,13556,13787,14496,14752,14928,15190,15636,16095,16511,16937,17069
South West,E06000054,Wiltshire,11879,12096,12465,13434,13939,14218,14576,14973,15517,16198,16718,17111,17174,17326,17765,18265,19051,19556,20379,20292
South West,E07000040,East Devon,11111,11338,11550,11902,12335,12736,12853,13237,13814,14540,15044,15864,16149,16057,16311,16811,17209,17532,18405,18358
South West,E07000041,Exeter,11159,11333,11656,12097,12671,13215,13449,14168,14793,15663,16210,17032,17631,17449,17684,18421,19110,19495,20610,20820
South West,E07000042,Mid Devon,11105,11287,11560,11922,12425,12797,12905,13445,13970,14681,15176,15848,16375,16158,16390,16900,17496,17665,18588,18674
South West,E07000043,North Devon,11173,11319,11684,12018,12490,12832,13105,13566,14147,14950,15413,16051,16461,16355,16514,17161,17633,17880,18849,18916
South West,E07000044,South Hams,11804,12135,12348,12642,13402,13688,13956,14387,15103,15800,16324,17240,17387,17213,17282,17850,18293,18527,19528,19561
South West,E07000045,Teignbridge,11143,11408,11570,11906,12323,12819,13010,13440,14083,14853,15284,15949,16446,16314,16470,17062,17603,17896,18781,18826
South West,E07000046,Torridge,10965,11248,11560,11875,12387,12800,12995,13514,14031,14712,15169,15833,16400,16237,16298,16878,17309,17562,18438,18452
South West,E07000047,West Devon,11327,11536,11819,12048,12623,13155,13155,13630,14237,15070,15501,16062,16359,16209,16321,16962,17417,17577,18429,18492
South West,E07000048,Christchurch,11955,12447,12687,13382,13819,13730,14321,14673,15095,15959,16335,16992,16835,17243,17886,18417,18901,19659,20572,20560
South West,E07000049,East Dorset,12482,13132,13316,13937,14198,14355,14896,14998,15442,16404,16854,17202,17201,17564,18057,18716,19236,19918,20619,20555
South West,E07000050,North Dorset,11751,12130,12481,13112,13547,13929,14393,14799,15230,16285,16776,17299,17366,17778,18148,18717,19420,19919,20511,20469
South West,E07000051,Purbeck,11995,12664,12733,13565,13920,14233,14555,15029,15664,16681,17031,17698,17571,18008,18610,19082,19797,20243,21003,20956
South West,E07000052,West Dorset,11650,12275,12647,13259,13675,13859,14468,14808,15402,16345,16751,17313,17194,17606,18302,18804,19347,19808,20430,20308
South West,E07000053,Weymouth and Portland,11429,11940,12157,12845,13287,13839,14385,14757,15350,16492,17052,17542,17569,17932,18448,19053,19598,20033,20664,20443
South West,E07000078,Cheltenham,11944,12305,12759,13578,14221,14321,14289,14964,15980,16809,17161,17816,17971,18305,18541,19253,20000,20728,21579,21371
South West,E07000079,Cotswold,12523,12986,13612,14301,14561,14498,14636,15132,16039,16680,17101,17697,17848,18041,18029,18791,19561,20383,21284,21198
South West,E07000080,Forest of Dean,11646,11828,12161,12809,13303,13345,13535,14107,15071,15799,16148,16748,16760,16936,17137,17626,18311,18927,19787,19578
South West,E07000081,Gloucester,11310,11603,11923,12659,13178,13298,13499,14184,15123,16009,16487,17039,17296,17399,17628,18264,19042,19822,20653,20487
South West,E07000082,Stroud,11629,11961,12316,13050,13624,13701,13772,14391,15280,15936,16419,16958,17056,17161,17390,18007,18734,19532,20401,20196
South West,E07000083,Tewkesbury,11918,12147,12470,13216,13662,13741,13720,14292,15113,15845,16354,16851,17023,17159,17406,18034,18760,19513,20390,20205
South West,E07000187,Mendip,11196,11686,11929,12370,12971,13138,13547,14117,14614,15400,15889,16439,16441,16815,17162,17560,17929,18534,19255,19285
South West,E07000188,Sedgemoor,11024,11428,11697,12118,12603,12690,13079,13754,14216,15026,15501,16113,16171,16519,16865,17263,17573,18067,18699,18673
South West,E07000189,South Somerset,10955,11384,11688,12161,12684,12761,13252,13782,14196,15076,15523,16115,16123,16441,16796,17119,17410,17968,18606,18506
South West,E07000190,Taunton Deane,11014,11437,11692,12148,12749,12929,13345,13908,14435,15171,15660,16178,16334,16779,17073,17479,17834,18352,19017,18909
South West,E07000191,West Somerset,10774,11377,11574,11823,12502,12538,13169,13495,13987,14650,15155,15849,15764,16084,16272,16583,16947,17370,17885,17632
Wales,W06000001,Isle of Anglesey,9644,10059,10199,10754,10932,11208,11746,12419,12576,12662,13182,13996,14274,14445,14808,15346,15696,15840,16395,16468
Wales,W06000002,Gwynedd,8964,9081,9505,9938,10504,10984,11221,11871,12273,12895,13045,13179,13380,13406,13580,13988,14217,14555,15123,15188
Wales,W06000003,Conwy,10544,10693,10891,11445,11832,12280,12680,13070,13697,13805,14030,14633,14515,14683,15149,15720,15883,16138,16479,16450
Wales,W06000004,Denbighshire,10318,10392,10523,11116,11540,12008,12320,12832,13413,13613,13869,14606,14519,14649,15156,15684,15749,15956,16379,16409
Wales,W06000005,Flintshire,9966,10128,10450,11457,11694,11931,12376,12858,13060,13370,13640,14087,14062,14299,14836,15329,15732,16164,16920,17207
Wales,W06000006,Wrexham,9547,9671,10054,11151,11418,11778,12235,12755,12986,13289,13589,14091,14008,14282,14788,15277,15586,16014,16727,17019
Wales,W06000023,Powys,9348,9309,9867,10761,11101,11386,11902,12775,13242,13724,13942,14581,14559,15030,15241,15791,15952,16065,16447,16303
Wales,W06000008,Ceredigion,9704,9907,10058,10315,10810,11285,11925,12238,12741,13687,13837,14455,14507,14805,15221,15684,15892,16093,16543,16644
Wales,W06000009,Pembrokeshire,9284,9395,9625,9816,10204,10890,11254,11706,12242,12938,13139,13721,13831,13959,14260,14955,15062,15327,15778,15878
Wales,W06000010,Carmarthenshire,8906,9116,9267,9376,9818,10204,10692,11064,11855,12466,12646,13299,13435,13599,14024,14607,14758,15028,15528,15659
Wales,W06000011,Swansea,9501,9728,10104,10570,11271,11611,11847,12175,12157,12546,12730,13775,13899,13527,13572,14121,14169,14808,15067,14911
Wales,W06000012,Neath Port Talbot,9516,9741,9874,10752,11096,10983,11342,11741,11966,12311,12872,13331,13310,13368,13436,13991,14355,14552,14950,15080
Wales,W06000013,Bridgend,10046,10284,10453,11376,11645,11604,12010,12359,12516,12847,13224,13635,13667,13739,13763,14387,14744,14971,15382,15590
Wales,W06000014,Vale of Glamorgan,10093,10431,10772,11314,11569,11919,12358,12685,12744,13356,13576,14210,14262,14333,14552,14827,14894,15176,15733,15803
Wales,W06000015,Cardiff,9971,10349,10841,11589,12009,12506,12979,13308,13440,14032,14309,14843,14930,15103,15332,15677,15761,16049,16623,16769
Wales,W06000016,Rhondda Cynon Taf,8188,8206,8532,9303,9961,10426,10666,11183,11504,11763,12174,12512,12530,12712,12871,13370,13593,13761,14262,14588
Wales,W06000024,Merthyr Tydfil,7837,7807,8108,8997,9700,10063,10274,10767,11248,11519,11951,12370,12416,12641,12828,13250,13520,13637,14081,14277
Wales,W06000018,Caerphilly,9047,9200,9617,10528,10751,10908,11397,11705,11758,11851,12293,12584,12471,12599,12883,13485,13745,13829,14384,14495
Wales,W06000019,Blaenau Gwent,8527,8549,9036,9908,10087,10270,10639,11122,11284,11260,11740,12104,12088,12297,12515,13056,13325,13367,13988,14187
Wales,W06000020,Torfaen,8758,8934,9370,10196,10477,10681,11235,11510,11519,11575,12027,12357,12342,12535,12805,13411,13626,13625,14227,14355
Wales,W06000021,Monmouthshire,10396,10502,11269,12400,12834,13429,13562,13514,13892,14352,15062,15553,15053,15285,15659,16273,16107,16764,17334,17312
Wales,W06000022,Newport,9618,9677,10281,11330,11755,12281,12536,12831,13246,13751,14566,15063,14710,14839,15272,15892,15938,16501,17141,17319
Scotland,S12000033,Aberdeen City,11122,11510,11340,12217,12906,13387,13621,14590,15577,16436,17500,18356,18909,19182,20110,21003,22153,22550,22844,22508
Scotland,S12000034,Aberdeenshire,11086,11450,11264,12131,12743,13227,13430,14259,15260,15959,16894,17734,18077,18308,19087,19853,20861,21098,21408,20681
Scotland,S12000041,Angus,9536,9865,10119,10926,11537,12056,12117,12444,12474,12965,13606,14507,14418,14224,14509,14945,15493,15898,16333,16523
Scotland,S12000035,Argyll and Bute,8646,8952,9200,10174,10708,11358,11605,12038,12713,13550,14172,15070,15604,15772,15817,16331,16545,16633,17329,17787
Scotland,S12000036,City of Edinburgh,12195,12795,13323,14203,14904,15532,15904,16393,16907,17809,18172,18568,18710,18671,19292,20133,20329,20478,21385,21837
Scotland,S12000005,Clackmannanshire,8884,9355,9592,10228,10647,11212,11527,12202,12436,12609,13671,14147,14577,14633,14761,15344,15933,16229,16852,17057
Scotland,S12000006,Dumfries and Galloway,9435,9759,9877,10403,10691,11169,11561,12171,12307,12982,13736,14503,15016,15109,15317,15885,16256,16513,17182,17759
Scotland,S12000042,Dundee City,9270,9591,9850,10659,11319,11878,12020,12454,12498,12948,13838,14718,14822,14611,14960,15376,16145,16398,16962,17266
Scotland,S12000008,East Ayrshire,8399,8590,8696,9480,10158,10745,11063,11664,12022,12457,13227,13453,13703,14157,14315,14656,15312,15489,16000,16582
Scotland,S12000045,East Dunbartonshire,10014,10453,11500,12450,12778,13260,13469,13827,14433,15040,15505,16273,16517,16724,17098,17786,17972,18103,18810,19219
Scotland,S12000010,East Lothian,10135,10556,10984,11568,11813,12170,13143,14084,14715,15237,15915,16502,16686,17336,17647,18098,18896,19305,20063,20241
Scotland,S12000011,East Renfrewshire,11239,11620,11973,12857,13475,13668,13864,14264,14529,15058,15464,16269,16385,16367,16457,17111,17847,18054,18982,19208
Scotland,S12000014,Falkirk,8798,9134,9680,10143,10771,11208,11670,12108,12492,13166,13888,14458,14310,14127,14649,15383,15690,15686,16298,16516
Scotland,S12000015,Fife,9119,9638,9887,10555,10961,11508,11847,12323,12575,12642,13591,14269,14564,14723,14926,15448,16030,16219,16970,17293
Scotland,S12000046,Glasgow City,9036,9349,9753,10492,10941,11423,11819,12068,12226,12778,13515,13776,14033,13886,13976,14429,14597,14913,15194,15311
Scotland,S12000017,Highland,9294,9600,9766,10326,10871,11381,11550,11930,12301,13369,13849,15297,15612,15848,15942,16761,17278,17328,17988,18482
Scotland,S12000018,Inverclyde,9969,10349,10700,11558,12291,12475,12734,13074,13629,14190,14783,15524,15732,15724,15804,16366,16830,17032,18057,18361
Scotland,S12000019,Midlothian,10088,10499,10938,11515,11773,12101,13101,14033,14620,15132,15691,16349,16629,17081,17468,17842,18810,19151,19775,20020
Scotland,S12000020,Moray,8877,9140,9350,9780,10236,10562,10657,10922,11111,12208,13193,15484,15644,15850,15452,16307,16849,17115,17781,18284
Scotland,S12000013,Na h-Eileanan Siar,8721,9095,9001,9478,10131,10693,10973,11337,11901,11572,12712,13279,13789,14164,14373,14566,14787,15237,16525,16479
Scotland,S12000021,North Ayrshire,8497,8751,8770,9535,10195,10755,11031,11628,11934,12323,13031,13300,13577,14050,14149,14489,15118,15343,15848,16333
Scotland,S12000044,North Lanarkshire,8793,9143,9397,10093,10561,10955,11213,11541,11951,12140,12915,13484,13620,13691,13899,14323,14730,15309,15838,16171
Scotland,S12000023,Orkney Islands,8116,8834,9362,9065,9653,9977,10099,11200,11493,12544,13930,14845,15767,16243,17068,17688,17934,17798,17881,18381
Scotland,S12000024,Perth and Kinross,11303,11682,11607,12338,13071,13059,13591,14863,15208,16306,16824,16976,17037,17014,17912,18332,18765,18837,19408,19488
Scotland,S12000038,Renfrewshire,10333,10684,11039,11911,12615,12782,13035,13303,13856,14483,15107,15771,16074,15962,16040,16534,17140,17381,18447,18811
Scotland,S12000026,Scottish Borders ,9689,10217,10321,11109,11506,11967,12860,13607,14123,14746,15308,15931,16197,16487,16808,16847,17549,18290,18705,18923
Scotland,S12000027,Shetland Islands,9475,9378,9610,10868,10790,10851,11288,12165,12611,13494,13911,15260,16806,16819,16739,17423,18093,19131,20135,20124
Scotland,S12000028,South Ayrshire,9659,9968,10298,10886,11572,12055,12738,13411,13701,14469,14781,15472,15795,16168,16570,17225,17645,17804,18189,18631
Scotland,S12000029,South Lanarkshire,9748,10211,10497,11185,11436,12207,12272,12895,13489,13781,14486,14961,15112,15429,15738,16226,16466,16554,17247,17311
Scotland,S12000030,Stirling,11450,11823,11751,12487,13266,13249,13856,15141,15463,16422,16999,17254,17279,17225,18137,18710,19077,19171,19750,20165
Scotland,S12000039,West Dunbartonshire,8850,9266,10294,11248,11683,12221,12475,12879,13420,14121,14715,15524,15864,16193,16382,16991,17170,17256,18063,18434
Scotland,S12000040,West Lothian,8475,8960,9519,10568,11178,11745,12209,12462,12585,13264,14488,14469,14286,14532,14749,15264,15715,16127,16629,16390
Northern Ireland,N09000001,Antrim and Newtownabbey,9390,9521,9787,10615,10862,11438,11851,12405,12829,13340,13866,14237,14335,14214,14683,15156,15647,16074,16592,16849
Northern Ireland,N09000011,Ards and North Down,9608,9748,9987,10664,10999,11614,11995,12464,13002,13598,14021,14445,14597,14578,15005,15415,16008,16170,16914,17035
Northern Ireland,N09000002,"Armagh City, Banbridge and Craigavon",8685,8831,9072,9413,9755,10295,10786,11536,12109,12858,13218,13390,13369,13447,13794,13866,14493,15187,15522,15582
Northern Ireland,N09000003,Belfast,9957,10196,10403,11019,11326,11760,11846,12128,12335,12851,12948,13577,13911,13794,14018,14347,14779,14895,15304,15565
Northern Ireland,N09000004,Causeway Coast and Glens,7144,7193,7461,7950,8522,9254,9781,10393,11298,11849,11872,11790,12154,12343,13002,13225,13606,14043,14913,15132
Northern Ireland,N09000005,Derry City and Strabane,7132,7196,7470,7868,8320,9042,9674,10390,11258,11775,11862,11916,12119,12262,12713,13030,13380,13718,13924,14036
Northern Ireland,N09000006,Fermanagh and Omagh,7772,7878,8194,8552,8880,9281,10130,11017,11788,12396,12477,12502,12497,12463,12916,13158,13329,13607,14522,14722
Northern Ireland,N09000007,Lisburn and Castlereagh,9443,9566,9873,10826,11153,11715,12194,12707,13221,13658,14191,14528,14641,14573,14855,15471,16103,16448,17421,17684
Northern Ireland,N09000008,Mid and East Antrim,9331,9494,9709,10469,10545,11127,11617,12215,12703,13348,13768,14132,14271,14197,14584,15048,15543,16146,17005,17315
Northern Ireland,N09000009,Mid Ulster,7833,7941,8242,8731,8947,9345,10159,11041,11719,12279,12395,12344,12281,12263,12763,12916,13325,13950,14660,14647
Northern Ireland,N09000010,"Newry, Mourne and Down",8535,8696,8923,9432,9655,10153,10751,11408,12203,12872,13001,13183,13188,13113,13637,13808,14214,14537,14812,14721
